zbin,name,ra,dec,z,gal_l,mass,complete,lowmass,S-PLUS,CHANCES,Abell,WINGS,ACT-DR5,PSZ2,LoVoCCS,HIFLUGCS,MeerKAT
1,93183513,-166.47589,-6.71632,0.006,304.12,0.29,False,True,SPLUS-n06s33,,ABELL 1634,,,,,,
1,93213405,-160.26944,-21.42957,0.007,311.42,0.16,False,True,SPLUS-n17s35,NGC5084,ABELL 1709,,,,,,
1,93164021,-137.23812,3.46527,0.006,358.53,0.15,False,True,SPLUS-n04n54,,,,,,,,
1,93174103,-133.44183,1.62645,0.006,0.39,0.39,False,True,,,,,,,,NGC5846,
1,93245005,-13.65753,-39.21537,0.003,357.45,0.1,False,True,SPLUS-s30s63,,ABELL 3968,,,,,,
1,93201001,55.10152,-18.58819,0.005,209.67,0.22,False,True,,NGC1407,,,ACT-CL J0342.2-1830,,,,
1,93250903,60.20809,-46.83985,0.004,253.97,0.11,False,True,SPLUS-s36s32,,ABELL 3204,,,,,,
1,93241214,75.97633,-38.9485,0.003,242.85,0.12,False,True,,A3301,ABELL S0508,,,,,,
1,93162805,153.12185,2.68214,0.006,238.73,0.14,False,True,SPLUS-n03n03,,,,ACT-CL J1012.5+0239,,,,
1,93163105,170.36667,2.84001,0.005,257.52,0.29,False,True,SPLUS-n03n15,,,,,PSZ2 G257.51+57.54,,,
2,93173309,-178.88105,1.90795,0.021,276.91,1.58,False,True,SPLUS-n02n23,MKW4,,,ACT-CL J1205.5+0214,,,MKW4,
2,93193506,-166.96974,-13.44804,0.016,303.19,1.1,False,True,SPLUS-n11s32,,,,,,,,
2,93203406,-166.75489,-15.28876,0.015,303.48,0.54,False,True,SPLUS-n12s31,A1631a,ABELL 1631,A1631a,,PSZ2 G303.56+47.54,,,
2,93193502,-166.7497,-9.17759,0.016,303.58,0.83,False,True,SPLUS-n08s32,,ABELL 1635,,,,,,
2,93223508,-148.09122,-27.0272,0.023,323.18,2.36,False,True,,A3581,ABELL 3581,,,,,A3581,
2,53529,-139.83716,3.47273,0.027,355.49,2.48,False,True,SPLUS-n04n52,MKW8,,,ACT-CL J1440.7+0355,PSZ2 G355.50+54.72,,MKW8,
2,93164001,-139.78973,3.46729,0.028,355.55,1.66,False,True,SPLUS-n04n52,MKW8,,,ACT-CL J1440.7+0355,PSZ2 G355.50+54.72,,MKW8,
2,93213809,-138.09494,-22.17839,0.012,335.45,0.43,False,True,SPLUS-n17s50,,,,,,,,
2,93311301,-79.8438,-77.18339,0.018,317.18,1.31,False,True,,,,,,,,,MCXC J1840.6-7709
2,93175729,-41.44187,2.54641,0.013,53.56,0.8,False,True,,,,IIZW108,ACT-CL J2114.7+0232,PSZ2 G053.55-29.85,,IIZw108,
2,93225827,-3.0819,-28.14218,0.028,25.14,4.06,False,True,SPLUS-s22s48,A4038,ABELL 4038,,,PSZ2 G025.13-75.88,A4038,A4038,MCXC J2347.7-2808
2,94265,10.06388,-56.16244,0.028,306.13,1.41,False,True,SPLUS-s43s05,,ABELL 2806,,,,,,
2,87995,16.93338,-46.90089,0.023,294.78,4.22,False,True,SPLUS-s36s10,,ABELL 2870,,ACT-CL J0108.5-4659,,,,
2,87978,17.46842,-45.90129,0.023,293.11,1.81,False,True,SPLUS-s35s10,A2877,ABELL 2877,,,PSZ2 G293.12-70.85,,A2877,
2,93250301,17.4704,-45.8958,0.023,293.1,1.45,False,True,SPLUS-s35s10,A2877,ABELL 2877,,,PSZ2 G293.12-70.85,,A2877,
2,87980,17.71872,-46.0029,0.024,292.66,4.19,False,True,SPLUS-s36s10,A2877,ABELL 2877,,ACT-CL J0112.3-4617,PSZ2 G293.12-70.85,,A2877,
2,93170401,21.4606,-1.40234,0.017,142.15,0.73,False,True,STRIPE82_0031,,ABELL 0194,,ACT-CL J0125.6-0143,,,,MCXC J0125.6-0124
2,81011,42.39088,-31.19179,0.023,229.01,1.93,False,True,SPLUS-s24s28,,IC 1860 GROUP,,ACT-CL J0250.0-3103,,,,
2,93220701,42.39926,-31.07239,0.022,228.74,0.95,False,True,SPLUS-s24s28,,IC 1860 GROUP,,ACT-CL J0250.0-3103,,,,
2,93170801,43.2359,-1.27971,0.022,176.48,1.04,False,True,STRIPE82_0063,,,,,,,,
2,93171208,64.90373,2.40608,0.012,190.98,1.63,False,True,,NGC1550,,,,,,NGC1550,
2,93300501,74.48485,-75.44926,0.019,287.61,1.41,False,True,MC0146,,,,,PSZ2 G287.96-32.99,,,
2,93270904,79.05867,-54.43156,0.014,262.15,0.45,False,True,,,ABELL S0520,,ACT-CL J0516.6-5430,PSZ2 G262.27-35.38,,,MCXC J0516.6-5430
2,93290701,84.9265,-68.2759,0.022,278.49,1.26,False,True,MC0041,,,,,,,,
2,100115,95.45526,-64.98077,0.027,274.72,1.98,False,True,MC0020,,ABELL 3389,,,,,,
2,93280903,95.56809,-64.67731,0.028,274.38,1.48,False,True,MC0020,,ABELL S0585,,,,,,
3,57738,-168.69604,1.81996,0.048,299.3,1.62,False,True,SPLUS-n02n31,,,,,,,,
3,70768,-167.35058,-14.43882,0.043,302.63,1.63,False,True,SPLUS-n12s31,,,,,,,,
3,70804,-166.21254,-18.24891,0.045,304.17,1.7,False,True,SPLUS-n14s32,A1644,ABELL 3529,,,,,,
3,93203419,-165.67686,-17.3992,0.048,304.92,6.29,False,True,SPLUS-n14s32,A1644,ABELL 1644,A1644,,PSZ2 G304.91+45.43,A1644,A1644,
3,75150,-158.19661,-24.85574,0.046,313.15,3.76,False,True,SPLUS-n19s26,,,,,,,,
3,93213501,-158.04362,-24.61274,0.047,313.37,1.91,False,True,SPLUS-n19s26,,,,,,,,
3,75206,-150.37005,-24.4759,0.038,321.85,3.25,False,True,SPLUS-n19s31,,ABELL 3578,,,,,,
3,75203,-150.10028,-24.35737,0.038,322.19,1.46,False,True,SPLUS-n19s31,,,,,,,,
3,66889,-148.86517,-10.21123,0.037,330.79,1.85,False,True,SPLUS-n09s45,,,,,,,,
3,93193803,-147.97198,-9.07716,0.038,332.75,1.24,False,True,SPLUS-n08s45,,,,,,,,
3,66875,-147.96703,-9.08363,0.035,332.75,1.76,False,True,SPLUS-n08s45,,,,,,,,
3,66935,-144.96676,-9.36847,0.045,336.48,2.22,False,True,SPLUS-n08s47,,,,,,,,
3,93244601,-44.69494,-41.17962,0.048,0.61,1.58,False,True,SPLUS-s32s43,,ABELL S0915,,,,,,
3,93225109,-44.5722,-28.03629,0.039,17.76,1.5,False,True,SPLUS-s22s21,,ABELL 3733,,,,,,
3,93244623,-44.49832,-38.59012,0.044,4.06,1.73,False,True,SPLUS-s30s45,,ABELL S0917,,,,,,
3,93263802,-43.80732,-51.87012,0.048,346.34,2.68,False,True,SPLUS-s40s36,,,,,,,,
3,93215401,-43.16545,-25.40061,0.038,21.49,1.27,False,True,SPLUS-s20s23,,ABELL 3744,,,,,,
3,59097,-41.51287,2.55329,0.048,53.52,4.37,False,True,,,,IIZW108,ACT-CL J2114.7+0232,PSZ2 G053.55-29.85,,IIZw108,
3,55264,13.59327,-1.4314,0.044,124.62,1.48,False,True,STRIPE82_0021,A0119,,,,PSZ2 G125.68-64.12,,,
3,55260,14.08043,-1.23728,0.044,125.73,5.61,False,True,STRIPE82_0021,A0119,ABELL 0119,A0119,,PSZ2 G125.68-64.12,A119,A0119,
3,93170301,14.09652,-1.2869,0.043,125.77,5.09,False,True,STRIPE82_0021,A0119,ABELL 0119,A0119,,PSZ2 G125.68-64.12,A119,A0119,
3,93170303,17.03786,2.21866,0.043,131.4,1.32,False,True,,A0147,ABELL 0147,A0147,,,,,
3,55215,17.04143,2.16859,0.044,131.42,2.16,False,True,,A0147,ABELL 0147,A0147,,,,,
3,55327,18.6285,0.00887,0.045,135.42,1.62,False,True,STRIPE82_0028,A0168,ABELL 0168,,,PSZ2 G135.76-62.03,,,MCXC J0115.2+0019
3,93170421,18.77347,0.32037,0.044,135.6,2.21,False,True,STRIPE82_0028,A0168,ABELL 0168,A0168,,PSZ2 G135.76-62.03,,,MCXC J0115.2+0019
3,55320,18.77653,0.34097,0.045,135.59,2.89,False,True,STRIPE82_0028,A0168,ABELL 0168,A0168,,PSZ2 G135.76-62.03,,,MCXC J0115.2+0019
3,68612,19.05526,-15.92544,0.044,151.36,1.72,False,True,SPLUS-s13s15,,,,,,,,
3,55502,30.57455,-1.11818,0.043,159.05,1.73,False,True,STRIPE82_0045,,ABELL 0295,,ACT-CL J0203.2-0123,,,,
3,85141,85.02079,-40.83635,0.037,246.41,4.2,False,True,,,ESO 306- G 017 GROUP,,,PSZ2 G246.36-30.27,,S540,MCXC J0540.1-4050
3,93221446,85.48569,-26.13328,0.039,230.41,1.58,False,True,,A0548W,,,,,,,
3,77698,85.53684,-26.12276,0.039,230.41,2.37,False,True,,A0548W,,,,,,,
3,77699,86.05548,-26.11417,0.041,230.57,1.66,False,True,,A0548W,,,,,,A0548w,
3,77694,86.36978,-25.93235,0.042,230.49,1.55,False,True,,A0548W,ABELL 0548,A0548b,,,,A0548w,Abell 548
3,73569,87.15959,-25.46585,0.04,230.27,2.95,False,True,,A0548E,ABELL 0548,,,PSZ2 G230.28-24.42,,A0548e,Abell 548
3,77800,87.3773,-25.56728,0.04,230.44,2.94,False,True,,A0548E,,,,PSZ2 G230.28-24.42,,A0548e,
3,95010,90.22685,-58.58243,0.037,267.22,1.59,False,True,S0560_2022B,S0560,ABELL S0560,,ACT-CL J0600.7-5836,,,,MCXC J0600.8-5835
3,93241301,90.37129,-40.00258,0.047,246.51,3.82,False,True,,A3376,ABELL 3376,A3376,,PSZ2 G246.50-26.09,,A3376,MCXC J0601.7-3959
3,85130,90.41714,-39.99367,0.046,246.51,4.82,False,True,,A3376,ABELL 3376,,,PSZ2 G246.50-26.09,,A3376,MCXC J0601.7-3959
3,93290819,92.22059,-65.72745,0.037,275.45,2.17,False,True,MC0027,,,,,PSZ2 G275.45-28.87,,,
3,93290803,94.03913,-69.84442,0.038,280.17,1.37,False,True,MC0068,,,,,,,,
3,93271105,96.80732,-54.49082,0.049,263.27,4.89,False,True,A3391_2022B,A3395,ABELL 3395,A3395,,PSZ2 G263.19-25.19,A3395,A3395n,MCXC J0627.2-5428
3,57263,153.44499,-0.91254,0.045,242.92,3.12,False,True,SPLUS-n02s03,A0957,ABELL 0957,A0957,ACT-CL J1015.2-0105,PSZ2 G243.02+42.87,,,
3,93172809,153.4519,-0.91429,0.046,242.93,2.28,False,True,SPLUS-n02s03,A0957,ABELL 0957,A0957,ACT-CL J1015.2-0105,PSZ2 G243.02+42.87,,,
3,57380,164.60129,1.5955,0.039,251.45,1.56,False,True,SPLUS-n02n11,,ABELL 1139,,,,,,
3,52808,170.40958,2.84169,0.049,257.58,2.65,False,True,SPLUS-n03n15,,,,,PSZ2 G257.51+57.54,,,
4,82560,-179.98697,-31.41105,0.068,290.25,4.43,False,True,,A3497,ABELL 3497,A3497,,PSZ2 G290.19+30.16,,,
4,66739,-166.07065,-12.65566,0.059,304.56,2.27,False,True,SPLUS-n10s32,,,,,,,,
4,66902,-149.59859,-11.13212,0.062,329.23,4.0,False,True,SPLUS-n09s45,,ABELL 1837,,,,,,
4,58066,-145.55832,2.04068,0.054,346.09,1.82,False,True,SPLUS-n03n48,,,,,,,,
4,96489,-61.92342,-55.05654,0.061,342.83,4.44,False,True,A3651_2022B,A3651,ABELL 3651,,,PSZ2 G342.82-30.48,,,
4,96490,-60.47062,-55.16389,0.058,342.78,2.53,False,True,A3651_2022B,A3651,,,ACT-CL J1956.9-5502,,,,
4,93244637,-43.25065,-39.63121,0.05,2.75,1.46,False,True,SPLUS-s31s44,,ABELL S0922,,,,,,
4,99149,-40.7884,-59.49832,0.058,335.93,3.51,False,True,SPLUS-s46s31,,ABELL S0927,,,,,,
4,93283002,-40.69255,-59.51056,0.058,335.89,2.28,False,True,SPLUS-s46s32,,ABELL S0927,,,,,,
4,93944,-33.63595,-51.612,0.056,344.79,2.28,False,True,SPLUS-s40s40,,ABELL S0968,,,,,,
4,90926,-33.25913,-43.91091,0.062,356.06,4.77,False,True,SPLUS-s34s48,A3809,ABELL 3809,A3809,,PSZ2 G356.04-49.50,,,
4,90951,-33.02787,-46.00519,0.062,352.84,3.76,False,True,SPLUS-s36s46,,ABELL S0974,,,,,,
4,68020,-31.68213,-13.55376,0.06,41.88,5.68,False,True,SPLUS-s11s03,,,,ACT-CL J2154.8-1322,,,,
4,63788,-30.62511,-7.83683,0.058,49.78,3.3,False,True,SPLUS-s07s05,A2399,ABELL 2399,A2399,,,,,
4,63763,-28.58566,-5.59461,0.058,53.97,5.65,False,True,SPLUS-s05s06,,ABELL 2415,A2415,,PSZ2 G053.99-45.06,A2415,,
4,59360,-22.78201,-0.01331,0.058,65.37,5.51,False,True,STRIPE82_0139,,,,,,,,
4,59400,-21.07966,1.50616,0.058,68.67,5.26,False,True,STRIPE82_0142,,ABELL 2457,A2457,,PSZ2 G068.61-46.60,,,
4,87774,-10.23329,-42.09974,0.057,348.49,2.4,False,True,SPLUS-s32s62,,ABELL S1111,,,,ACOS1111,,
4,84067,-2.13681,-34.47595,0.057,359.52,1.89,False,True,SPLUS-s27s73,,ABELL S1157,,,,,,
4,80613,0.8068,-35.92607,0.05,349.32,3.87,False,True,SPLUS-s28s01,A2717,ABELL 2717,A2717,,,,,
4,93220122,2.81095,-28.85968,0.061,19.55,3.89,False,True,SPLUS-s22s03,,ABELL 2734,A2734,,PSZ2 G019.48-80.97,A2734,A2734,
4,76711,2.82934,-28.84798,0.061,19.61,6.12,False,True,SPLUS-s22s03,,ABELL 2734,A2734,,PSZ2 G019.48-80.97,A2734,A2734,
4,80579,6.37851,-33.0449,0.05,344.81,4.34,False,True,SPLUS-s26s05,S0041,ABELL S0041,,,PSZ2 G344.99-81.88,,,
4,93230112,6.37937,-33.01798,0.051,344.94,2.87,False,True,SPLUS-s26s05,S0041,ABELL S0041,,ACT-CL J0023.2-3251,PSZ2 G344.99-81.88,,,
4,55182,8.55185,-2.12715,0.065,112.83,2.9,False,True,,,,,,PSZ2 G113.02-64.68,RXCJ0034.2-0204,,
4,93170203,8.65106,-2.16165,0.057,113.05,3.16,False,True,,,,,,PSZ2 G113.02-64.68,RXCJ0034.6-0208,,
4,87943,16.02276,-42.84223,0.054,294.45,1.71,False,True,SPLUS-s33s10,,ABELL S0120,,ACT-CL J0103.6-4250,,,,
4,68515,17.20479,-15.41234,0.053,142.83,4.1,False,True,SPLUS-s13s13,A0151,ABELL 0151,A0151,,PSZ2 G143.00-77.70,,,
4,68516,17.21825,-15.63427,0.054,143.22,2.46,False,True,SPLUS-s13s13,A0151,ABELL 0151,,,PSZ2 G143.00-77.70,,,
4,88079,34.17164,-47.81799,0.064,269.82,2.63,False,True,SPLUS-s37s18,,ABELL S0239,,ACT-CL J0216.2-4816,,,,MCXC J0216.3-4816
4,77099,36.28497,-29.47317,0.061,224.94,3.47,False,True,,,ABELL S0258,,,,,,MCXC J0225.1-2928
4,77311,62.05766,-30.91464,0.06,230.18,3.77,False,True,SPLUS-s24s40,A3223,ABELL 3223,,,PSZ2 G230.29-47.13,,,
4,73371,72.0632,-20.47419,0.069,219.5,5.04,False,True,,,ABELL 0514,,,PSZ2 G219.45-35.90,A514,,
4,93241110,75.14084,-38.67012,0.054,242.4,2.52,False,True,SPLUS-s30s44,A3301,ABELL 3301,,,PSZ2 G242.41-37.40,,,
4,84897,75.19086,-38.68486,0.054,242.42,3.45,False,True,SPLUS-s30s44,A3301,ABELL 3301,,,PSZ2 G242.41-37.40,,,
4,84901,75.37919,-38.82643,0.053,242.62,1.81,False,True,,A3301,ABELL 3301,,,PSZ2 G242.41-37.40,,,
4,92012,91.79487,-49.48532,0.053,257.12,1.86,False,True,,,ABELL 3380,,,,,,MCXC J0607.0-4928
4,95058,96.15501,-54.32505,0.051,263.0,2.23,False,True,A3391_2022B,A3395,ABELL 3395,,,PSZ2 G263.19-25.19,A3395,A3395s,MCXC J0627.2-5428
4,95101,98.3592,-56.21471,0.053,265.33,1.58,False,True,,,,,,PSZ2 G265.21-24.83,,,MCXC J0631.3-5610
4,66215,154.14847,-10.62652,0.059,252.83,3.32,False,True,SPLUS-n09s04,A0970,ABELL 0970,,,PSZ2 G253.04+36.83,,,
4,66214,154.33512,-10.68245,0.06,253.04,6.08,False,True,SPLUS-n09s04,A0970,ABELL 0970,A0970,,PSZ2 G253.04+36.83,,,
4,61873,155.00027,-7.88964,0.053,251.15,1.67,False,True,SPLUS-n07s04,,ABELL 0979,,,,,,
4,61853,155.12434,-6.52065,0.054,250.0,2.44,False,True,SPLUS-n06s05,,ABELL 0978,,,,,,
4,78656,156.30867,-26.59525,0.052,266.67,1.42,False,True,HYDRA_0034,,,,,,,,
4,66256,159.93188,-8.68339,0.065,256.59,3.74,False,True,SPLUS-n07s08,A1069,ABELL 1069,A1069,,PSZ2 G256.67+42.05,,,
4,66274,162.05665,-9.98217,0.053,259.89,1.55,False,True,SPLUS-n08s09,,,,,,,,
4,74717,166.37774,-21.09375,0.064,272.25,2.71,False,True,SPLUS-n17s12,,ABELL 1163,,,,,,
4,74741,166.83642,-22.99425,0.062,273.81,3.23,False,True,SPLUS-n18s12,,ABELL S0651,,,,,,
4,82540,176.32998,-34.42533,0.069,287.73,5.18,False,True,A3490_2022B,A3490,ABELL 3490,A3490,,PSZ2 G287.72+26.46,,,
